order_detail_id,order_id,product_id,quantity,unit_price
1,343,55,4,1061
2,425,12,1,3945
3,571,40,3,1317
4,511,66,9,3320
5,857,100,5,474
6,182,78,5,4230
7,458,16,4,1492
8,918,83,3,2176
9,851,34,5,874
10,833,44,4,4416
11,64,6,8,3524
12,839,77,4,2223
13,260,64,8,4689
14,193,100,6,3693
15,655,22,5,379
16,616,18,4,4941
17,972,12,4,2911
18,406,52,4,2442
19,726,94,9,1574
20,754,51,4,1957
21,943,71,9,2989
22,721,96,6,1159
23,93,48,7,2022
24,430,19,3,3899
25,654,6,8,4692
26,434,84,3,2573
27,404,27,1,4239
28,434,53,5,1951
29,112,48,2,3641
30,929,7,6,4649
31,375,59,9,694
32,59,69,1,606
33,43,11,4,4989
34,207,15,1,120
35,780,64,1,1499
36,296,3,8,3301
37,118,69,2,2561
38,532,23,1,3778
39,222,53,8,436
40,166,37,4,1767
41,643,9,3,3676
42,156,15,4,1009
43,184,3,5,375
44,90,93,1,991
45,94,70,1,112
46,13,17,3,4157
47,973,26,6,3125
48,834,21,1,1073
49,805,72,2,4370
50,945,21,7,4070
51,742,11,1,1508
52,834,38,7,2043
53,804,72,4,2388
54,438,88,6,646
55,538,35,8,1318
56,587,14,9,1520
57,968,14,6,1554
58,876,10,9,3477
59,936,12,4,2872
60,811,38,6,4198
61,150,34,8,2838
62,660,41,9,3847
63,8,10,3,1942
64,29,17,2,846
65,296,17,6,2916
66,986,67,4,971
67,926,62,1,594
68,721,95,8,3544
69,640,1,9,4823
70,340,12,9,1175
71,628,4,2,4094
72,439,42,9,4337
73,144,13,7,145
74,942,98,5,3156
75,830,85,7,2157
76,747,86,9,763
77,519,4,8,4768
78,976,82,6,2129
79,45,69,4,2796
80,955,19,1,739
81,239,2,6,2763
82,952,12,3,2845
83,944,81,6,4502
84,155,74,6,2695
85,181,98,4,3527
86,215,6,2,494
87,88,8,9,3697
88,256,51,2,4944
89,511,11,3,2432
90,73,63,1,429
91,931,57,7,2197
92,179,12,1,872
93,212,73,9,1745
94,805,2,1,1832
95,234,8,5,4573
96,465,11,7,1887
97,751,53,3,1723
98,223,100,9,1099
99,631,10,8,1948
100,825,85,3,1661
101,264,84,5,873
102,207,8,7,1903
103,607,36,4,1198
104,885,93,5,2150
105,734,76,3,1698
106,366,14,9,847
107,276,54,9,4073
108,380,85,7,2422
109,743,86,2,1653
110,309,21,7,1715
111,631,50,7,3854
112,268,94,5,4524
113,945,39,9,2402
114,785,20,3,4321
115,64,88,4,4962
116,810,87,1,3755
117,350,7,6,3495
118,925,9,4,316
119,915,1,1,3416
120,494,26,2,1459
121,523,38,3,3874
122,98,38,9,4377
123,946,61,8,4529
124,71,44,7,4706
125,364,86,4,4578
126,570,44,1,1996
127,802,74,8,4527
128,763,62,4,999
129,276,6,3,741
130,50,17,9,4829
131,358,51,4,3727
132,728,38,4,295
133,906,24,9,1993
134,928,51,2,3375
135,564,10,5,4150
136,783,72,4,4653
137,485,21,9,2404
138,84,70,5,3700
139,899,85,9,3443
140,805,57,9,2156
141,638,39,2,2908
142,808,88,9,1324
143,584,33,3,986
144,296,59,4,492
145,236,18,1,1775
146,56,56,1,3290
147,919,92,1,2546
148,360,57,9,4005
149,907,96,8,3438
150,110,76,5,3691
151,192,48,5,3866
152,904,42,9,2627
153,93,27,3,2281
154,862,74,3,3864
155,568,52,7,454
156,60,42,9,2731
157,650,32,6,1621
158,39,26,2,2772
159,540,25,1,3278
160,49,75,2,2437
161,420,23,1,728
162,637,98,9,2779
163,13,57,8,4522
164,992,52,7,1538
165,36,87,3,1521
166,101,93,8,1226
167,794,31,2,2783
168,86,64,2,1880
169,516,71,3,1631
170,223,33,7,2014
171,338,85,1,1332
172,960,2,8,2056
173,166,18,7,492
174,383,47,4,925
175,856,33,5,3063
176,895,98,1,2495
177,376,84,4,4245
178,471,35,1,4995
179,790,51,1,1892
180,642,18,1,3164
181,31,88,7,1463
182,375,72,7,2448
183,11,30,4,3651
184,988,44,2,3728
185,302,53,3,3436
186,96,10,8,1665
187,190,87,8,3767
188,453,52,6,2313
189,192,49,9,4196
190,486,11,9,1119
191,266,66,4,1384
192,424,58,1,162
193,128,90,1,2630
194,238,36,5,3492
195,920,33,2,3372
196,355,47,6,2369
197,940,13,7,4347
198,112,40,1,743
199,828,89,6,4821
200,446,68,8,316
201,343,42,5,295
202,145,19,7,3964
203,65,82,6,3373
204,247,94,4,2794
205,735,19,7,3312
206,991,58,9,2855
207,490,23,7,1621
208,825,54,5,1180
209,439,80,7,821
210,106,65,3,1662
211,181,12,2,739
212,184,24,5,4360
213,226,34,4,4410
214,777,53,5,3887
215,790,8,8,3836
216,909,18,4,189
217,89,57,9,3021
218,688,5,7,1351
219,530,26,7,1202
220,371,30,8,4803
221,972,54,6,448
222,936,13,8,4013
223,913,83,3,4152
224,399,29,1,3041
225,106,3,6,345
226,271,90,1,371
227,975,58,9,2130
228,831,76,2,4598
229,503,2,2,3287
230,679,75,7,3606
231,525,28,2,1565
232,849,82,8,1295
233,32,77,6,3187
234,393,86,7,3108
235,40,76,7,3923
236,660,2,6,1714
237,218,7,9,1226
238,731,26,9,4479
239,981,90,7,616
240,82,88,9,2765
241,845,76,3,1401
242,720,16,3,711
243,201,23,1,849
244,447,40,5,1956
245,844,60,4,499
246,428,73,2,1626
247,38,32,9,2124
248,211,15,3,419
249,444,13,8,435
250,327,5,6,2198
251,761,75,5,273
252,227,74,1,4119
253,48,52,4,1741
254,18,77,3,600
255,912,41,1,3746
256,439,53,5,2463
257,807,50,6,1956
258,708,15,2,3252
259,187,7,3,1996
260,345,40,6,1818
261,224,28,4,1878
262,830,32,9,4892
263,488,99,5,3157
264,909,15,4,4927
265,877,100,2,2813
266,849,85,6,3928
267,229,70,2,4847
268,390,65,7,1194
269,979,4,3,145
270,589,11,9,1545
271,188,26,5,2296
272,858,61,8,3301
273,270,37,6,555
274,607,23,8,1762
275,310,93,3,3024
276,132,85,3,1065
277,551,91,5,1628
278,72,40,3,3076
279,793,77,8,3171
280,845,23,8,4969
281,672,16,2,2621
282,187,94,4,1226
283,486,61,1,3504
284,191,68,4,4592
285,422,80,4,2443
286,120,31,9,206
287,220,53,3,2677
288,53,25,2,3254
289,734,44,9,4483
290,451,12,9,4153
291,412,90,1,4901
292,643,97,6,314
293,237,92,8,4539
294,758,9,3,4389
295,738,12,9,4353
296,720,69,2,564
297,406,54,6,2472
298,608,54,1,691
299,422,28,7,2288
300,712,56,3,983
301,247,99,7,4258
302,72,69,4,403
303,830,98,9,4591
304,185,98,5,433
305,6,77,3,2933
306,206,58,8,4606
307,544,78,6,2431
308,611,75,2,4661
309,906,42,3,179
310,387,38,8,3863
311,768,68,7,2931
312,699,53,6,2077
313,76,33,1,832
314,177,71,9,4076
315,827,56,3,1917
316,799,72,5,1484
317,349,51,7,2224
318,255,74,7,1298
319,837,43,3,2392
320,702,15,4,4317
321,308,38,7,284
322,345,15,8,4227
323,127,5,2,1097
324,937,93,9,2086
325,287,83,7,2909
326,766,54,8,4764
327,725,51,6,2457
328,762,10,6,1779
329,596,12,9,3139
330,487,4,4,4986
331,383,95,5,2611
332,406,18,9,3627
333,388,80,1,3126
334,525,36,4,2845
335,557,25,7,4273
336,639,87,9,2681
337,938,76,6,4303
338,626,98,8,2911
339,945,36,9,4190
340,276,67,4,469
341,500,9,1,3843
342,717,61,8,2104
343,337,53,2,1803
344,950,18,1,3424
345,932,43,7,540
346,481,35,9,3357
347,897,63,9,3006
348,911,98,3,326
349,973,78,6,2501
350,273,4,7,4818
351,920,93,9,1124
352,58,41,2,3591
353,328,45,8,4356
354,731,50,7,970
355,109,79,4,3299
356,279,28,2,1845
357,686,42,8,543
358,328,80,5,4658
359,776,76,6,572
360,315,69,7,179
361,474,98,1,339
362,111,1,8,4752
363,699,39,4,689
364,781,96,9,1460
365,935,90,1,1984
366,229,17,2,2416
367,497,91,6,4530
368,156,88,1,411
369,473,35,4,1176
370,701,46,8,133
371,272,42,5,1941
372,887,39,9,4581
373,2,90,6,348
374,758,49,1,1234
375,722,62,6,4989
376,511,38,6,475
377,913,23,6,823
378,286,22,8,2013
379,871,4,6,4397
380,13,49,5,2592
381,608,59,2,2042
382,498,73,4,4104
383,733,68,5,2444
384,238,71,4,1431
385,94,87,2,4688
386,338,2,7,437
387,781,49,2,1965
388,171,88,1,3237
389,981,95,5,891
390,606,31,1,3711
391,661,40,1,3800
392,624,48,1,1616
393,567,51,6,4053
394,849,43,9,4008
395,936,98,1,2773
396,467,55,5,2222
397,628,88,9,3885
398,143,49,9,158
399,201,90,1,2533
400,180,80,8,2162
401,714,57,1,1354
402,364,77,8,3788
403,479,15,1,3848
404,565,27,5,4230
405,471,68,8,4357
406,384,80,6,3129
407,692,64,9,2946
408,926,94,1,570
409,417,30,9,4135
410,825,36,1,2999
411,308,67,3,1546
412,649,86,1,4543
413,694,86,3,4889
414,367,49,2,1012
415,1,76,2,4342
416,44,55,9,1811
417,739,85,8,774
418,843,56,1,1539
419,98,68,4,2834
420,720,95,1,3730
421,265,44,1,785
422,800,31,4,1226
423,783,58,2,4316
424,140,87,3,2566
425,481,53,9,2497
426,237,84,2,4237
427,974,79,4,3538
428,953,23,1,4224
429,904,28,2,1065
430,72,16,5,1019
431,667,37,1,2972
432,190,21,7,1608
433,268,79,4,1312
434,321,17,6,971
435,107,37,8,4490
436,232,77,6,3354
437,42,19,2,963
438,702,30,1,4053
439,883,45,8,3208
440,139,18,8,3155
441,615,78,9,4094
442,683,62,6,2782
443,863,36,1,4790
444,273,100,9,713
445,481,84,3,1972
446,416,52,6,3254
447,506,19,9,4660
448,733,44,3,3473
449,725,7,5,3291
450,853,44,5,667
451,424,68,7,4233
452,407,34,4,344
453,568,66,4,120
454,390,69,7,493
455,342,55,9,3914
456,946,10,4,2155
457,614,96,4,3615
458,933,42,6,2475
459,493,41,6,2010
460,192,77,7,389
461,499,69,1,2658
462,822,10,3,460
463,712,10,9,1722
464,233,91,6,4414
465,945,60,6,4194
466,227,51,5,2553
467,371,21,3,2115
468,139,8,5,2140
469,856,65,1,2144
470,817,92,3,2900
471,149,78,4,3070
472,115,85,5,931
473,450,30,9,1893
474,63,85,4,3792
475,104,49,3,1891
476,851,9,1,2941
477,871,17,6,4790
478,668,69,7,2254
479,273,58,8,680
480,6,57,1,2953
481,147,62,4,2336
482,184,95,5,4276
483,998,52,2,2255
484,28,61,1,1444
485,962,40,8,445
486,550,38,6,1986
487,119,43,5,654
488,293,63,9,3870
489,371,19,2,4497
490,244,100,8,299
491,580,50,9,3040
492,726,33,1,3590
493,218,13,7,406
494,177,78,8,3175
495,299,97,3,1756
496,676,62,4,2792
497,58,93,3,1864
498,269,43,7,375
499,308,49,9,3461
500,570,36,3,1501
501,288,10,6,4833
502,977,95,8,1875
503,105,6,6,3481
504,228,57,2,4150
505,247,1,7,3560
506,700,71,2,1980
507,494,58,2,3935
508,83,91,2,4378
509,186,21,1,1944
510,252,92,1,3477
511,355,80,7,171
512,750,56,5,1776
513,872,87,3,1395
514,696,20,1,1143
515,796,54,6,2725
516,897,25,1,3142
517,938,28,9,914
518,210,5,2,2294
519,816,21,1,3600
520,808,18,7,409
521,609,47,6,2161
522,447,70,6,4327
523,460,57,5,1977
524,968,93,4,2902
525,472,19,4,2586
526,720,97,3,4935
527,370,65,8,3845
528,900,3,7,894
529,934,42,9,4114
530,492,21,1,4453
531,923,99,7,3507
532,137,40,4,2556
533,367,67,7,1951
534,912,25,1,1074
535,184,55,5,1147
536,588,84,3,4466
537,287,52,5,4337
538,472,44,4,3889
539,375,98,2,3121
540,654,85,4,4469
541,749,56,3,4129
542,537,55,1,564
543,511,87,8,387
544,802,70,5,3295
545,579,77,4,975
546,250,87,5,2092
547,920,73,4,3025
548,510,81,3,1220
549,630,66,5,546
550,73,19,4,2932
551,282,83,1,3668
552,916,7,3,2996
553,960,63,8,821
554,360,42,7,2263
555,10,42,2,2682
556,211,59,1,1451
557,835,20,3,4080
558,152,73,5,4602
559,5,17,1,3484
560,195,27,3,1825
561,954,47,3,793
562,283,2,5,3513
563,464,63,3,594
564,113,62,9,1047
565,271,100,1,122
566,163,19,4,1228
567,460,17,4,657
568,105,69,1,1716
569,693,39,2,3830
570,556,82,1,1756
571,282,71,6,4273
572,687,81,3,906
573,162,39,7,3412
574,983,36,5,4963
575,351,40,9,553
576,434,45,7,3075
577,852,4,4,2424
578,140,25,5,1547
579,471,69,5,2661
580,132,30,5,2611
581,87,76,9,2971
582,688,68,3,462
583,183,88,6,3554
584,368,29,8,2898
585,129,73,9,4720
586,246,68,7,3553
587,601,51,3,3355
588,578,24,1,1317
589,670,14,4,1585
590,899,69,6,2203
591,378,18,3,2636
592,149,42,1,1955
593,985,57,6,4917
594,852,83,1,1307
595,433,12,9,1548
596,628,82,1,1607
597,726,17,6,1103
598,469,30,1,1025
599,446,88,7,183
600,481,75,3,3842
601,884,99,6,4027
602,294,23,7,1642
603,765,81,1,1085
604,143,1,1,4331
605,250,79,5,1008
606,878,32,6,3008
607,948,9,9,4785
608,975,15,1,2837
609,302,28,4,2686
610,25,24,8,1243
611,789,60,9,1431
612,984,35,3,3448
613,889,86,2,1653
614,890,27,4,2442
615,901,83,2,1906
616,70,76,1,2200
617,625,20,3,905
618,875,65,7,4247
619,112,85,1,2875
620,364,49,2,171
621,303,1,1,127
622,471,10,8,568
623,964,47,5,4083
624,91,59,8,863
625,530,96,3,1524
626,661,62,7,2348
627,988,86,8,3932
628,739,18,6,4160
629,726,46,7,4170
630,872,32,2,1775
631,663,27,8,659
632,192,92,5,4574
633,963,18,7,3931
634,552,39,1,2018
635,242,49,5,178
636,138,93,1,3747
637,345,82,8,1131
638,180,44,4,2172
639,712,72,4,4645
640,503,54,2,1584
641,203,95,5,2345
642,573,34,1,1650
643,192,71,9,4885
644,5,36,5,4782
645,890,18,6,1929
646,237,38,2,3851
647,693,59,1,4822
648,311,9,4,2131
649,549,73,7,4559
650,56,72,6,3956
651,443,51,1,2282
652,237,35,1,4569
653,870,82,8,2194
654,861,5,4,4003
655,197,14,5,3132
656,585,92,7,1648
657,571,30,8,467
658,752,4,7,164
659,514,39,2,3399
660,449,84,4,4949
661,360,64,1,2135
662,700,25,9,2963
663,819,28,3,1976
664,30,76,3,4951
665,779,66,9,2328
666,988,78,3,696
667,108,22,8,3706
668,844,31,2,2774
669,935,23,3,3989
670,602,48,2,3606
671,717,20,1,1934
672,891,38,2,1495
673,968,55,8,1686
674,959,68,9,211
675,960,79,2,552
676,445,88,7,2903
677,893,89,5,2731
678,438,1,3,2286
679,732,7,9,4448
680,890,57,6,2104
681,606,95,1,1559
682,457,12,5,2042
683,615,5,7,3593
684,735,50,4,1957
685,698,42,8,161
686,981,12,5,1594
687,696,18,9,1280
688,495,66,9,2888
689,674,74,9,1975
690,247,79,1,2308
691,543,94,2,4736
692,564,17,3,4821
693,857,68,4,205
694,588,71,9,1254
695,897,62,6,3528
696,439,41,1,4187
697,278,95,9,1808
698,552,34,6,2923
699,613,70,4,4025
700,111,45,4,2008
701,385,58,3,2149
702,833,51,7,4564
703,761,34,3,1374
704,191,44,2,1045
705,490,15,8,4004
706,694,78,4,2327
707,426,70,8,3896
708,405,50,1,392
709,335,32,5,4779
710,209,67,9,2322
711,22,3,1,4073
712,678,86,4,2591
713,611,86,6,2575
714,208,74,8,4960
715,8,51,3,3829
716,702,67,5,527
717,687,76,7,3072
718,785,93,1,206
719,529,48,7,3719
720,602,17,8,4854
721,653,7,8,3433
722,657,13,9,4092
723,166,66,6,1325
724,849,4,6,4104
725,496,10,2,4350
726,590,88,3,3468
727,429,17,4,995
728,774,52,4,4005
729,163,6,8,1720
730,366,83,1,3963
731,526,69,4,2392
732,239,96,4,1485
733,72,74,1,3999
734,445,9,3,3692
735,655,91,5,2533
736,822,77,6,2906
737,509,83,9,3483
738,795,21,9,1401
739,269,24,9,858
740,753,4,1,846
741,415,24,9,692
742,245,59,8,2986
743,675,99,2,4211
744,60,3,1,1168
745,6,68,1,3407
746,709,40,6,802
747,982,48,9,4808
748,570,54,7,204
749,817,35,5,1597
750,407,95,2,3933
751,217,56,1,495
752,930,89,2,3617
753,26,40,1,2753
754,815,77,3,3391
755,5,68,6,2110
756,986,46,8,3981
757,532,78,3,2088
758,390,13,9,4637
759,710,27,5,1768
760,571,6,7,4862
761,448,17,8,1151
762,754,36,3,2941
763,146,99,2,4823
764,388,81,2,3684
765,785,2,5,447
766,249,77,1,1363
767,526,52,2,4765
768,462,66,9,2842
769,13,52,7,2173
770,903,92,6,3248
771,384,43,9,1451
772,556,90,7,2921
773,887,22,5,3927
774,399,55,9,769
775,19,67,6,4913
776,575,99,6,2746
777,491,60,4,366
778,751,58,1,1538
779,419,12,5,2793
780,337,88,9,1122
781,419,69,8,2137
782,915,84,8,664
783,916,39,5,1159
784,612,13,9,1524
785,675,41,3,4223
786,928,57,3,319
787,122,53,1,505
788,432,12,9,1737
789,44,13,6,2418
790,872,74,2,1859
791,920,97,8,1774
792,317,57,9,891
793,381,40,9,3682
794,145,80,2,1409
795,327,45,2,3933
796,363,35,7,4512
797,50,3,4,1430
798,65,5,1,4546
799,355,90,8,610
800,800,11,2,2672
801,164,71,3,4029
802,141,56,5,591
803,966,10,3,1717
804,826,34,7,2156
805,128,67,7,1620
806,398,72,2,1683
807,933,31,7,1675
808,880,75,6,4046
809,463,71,9,1861
810,751,66,9,2091
811,836,70,2,3279
812,808,41,7,3426
813,187,63,5,1146
814,720,32,6,2992
815,732,20,1,2713
816,912,57,7,3992
817,190,98,6,4244
818,388,50,4,561
819,429,80,1,4531
820,858,25,9,1481
821,284,12,4,1245
822,864,71,2,3615
823,237,39,8,4554
824,194,17,2,292
825,287,45,5,3634
826,771,11,6,855
827,758,70,8,1784
828,136,23,1,2625
829,792,91,1,927
830,783,70,4,989
831,171,38,5,4848
832,159,2,9,2555
833,201,86,7,2433
834,487,84,7,210
835,557,89,8,4815
836,962,79,5,892
837,776,93,5,4783
838,583,72,1,2743
839,504,37,9,3514
840,876,49,6,1409
841,371,52,9,396
842,103,33,3,1729
843,125,22,5,668
844,313,5,2,4805
845,976,18,5,4211
846,995,38,8,171
847,798,37,2,4465
848,458,94,8,4482
849,230,95,4,165
850,658,64,1,979
851,882,10,5,167
852,197,79,1,1316
853,885,42,7,3127
854,733,48,8,3339
855,423,44,3,3580
856,572,82,3,607
857,610,87,7,3814
858,171,97,4,2984
859,382,16,3,1225
860,173,54,8,985
861,663,35,3,2941
862,453,98,7,3977
863,350,28,2,4970
864,902,2,1,2625
865,952,94,6,1025
866,634,13,8,4315
867,494,41,1,2038
868,620,80,9,3914
869,4,59,3,3462
870,93,69,3,4683
871,919,92,4,3332
872,6,53,1,3844
873,288,45,9,3565
874,618,20,3,540
875,146,24,4,3711
876,783,61,1,561
877,424,91,4,711
878,890,94,1,3571
879,608,58,5,3263
880,457,27,5,105
881,741,26,7,4876
882,202,7,8,4070
883,212,42,4,2958
884,6,47,7,2706
885,624,53,4,198
886,376,59,3,625
887,891,38,6,1280
888,447,69,4,1789
889,835,87,3,1238
890,106,92,9,4591
891,651,98,5,4965
892,811,53,7,3171
893,401,15,6,3027
894,96,96,5,2892
895,388,26,7,4878
896,959,48,6,114
897,452,95,2,2515
898,849,19,3,2785
899,809,9,2,3000
900,979,64,3,1336
901,901,93,1,4200
902,416,54,8,3320
903,726,51,6,1707
904,504,39,2,3663
905,454,4,8,3397
906,291,3,6,2733
907,534,64,7,3990
908,193,29,1,4364
909,980,11,7,2908
910,150,97,3,891
911,880,58,8,1099
912,759,75,6,251
913,779,27,4,3163
914,973,97,8,4699
915,763,21,9,2191
916,515,39,2,4699
917,393,95,6,4182
918,316,46,5,4126
919,76,66,5,3077
920,599,91,3,942
921,270,36,8,4546
922,225,75,8,3893
923,530,82,5,2170
924,113,65,8,1759
925,251,63,8,697
926,233,99,3,2613
927,841,35,2,4235
928,791,31,9,4370
929,714,28,2,3703
930,83,1,9,1316
931,125,25,4,2391
932,175,43,2,3911
933,69,84,1,1031
934,47,67,4,2238
935,884,63,9,4102
936,256,51,9,3078
937,727,2,4,3992
938,30,82,9,4695
939,281,64,6,3018
940,924,74,1,2664
941,994,69,6,1863
942,237,9,9,2270
943,248,2,2,435
944,368,34,6,1276
945,495,60,2,3121
946,25,61,4,878
947,586,31,8,1285
948,718,10,7,3385
949,490,76,9,3547
950,494,36,7,4091
951,314,85,1,2570
952,606,49,2,1038
953,375,70,6,4999
954,639,49,7,4106
955,937,3,3,2035
956,25,74,9,733
957,334,5,7,1353
958,355,90,6,1182
959,116,61,6,2243
960,48,85,1,1385
961,738,90,5,453
962,778,26,3,1985
963,99,72,7,1918
964,459,5,3,2620
965,523,15,5,4108
966,597,16,7,3122
967,405,1,3,2684
968,214,16,2,1647
969,685,37,6,4118
970,903,3,8,4304
971,503,52,4,1468
972,721,47,9,3437
973,448,95,8,1857
974,894,13,7,1617
975,576,80,7,3584
976,258,55,3,3785
977,844,21,6,3152
978,121,66,5,2796
979,810,54,1,290
980,978,27,3,1032
981,54,38,1,4337
982,331,90,4,3338
983,784,58,3,2315
984,241,62,4,665
985,755,46,9,1234
986,530,89,3,843
987,483,11,6,772
988,187,72,6,3011
989,858,8,7,630
990,656,97,9,3121
991,262,71,7,661
992,953,64,1,401
993,364,21,8,3867
994,491,72,5,4380
995,431,63,9,609
996,239,85,5,3545
997,304,64,5,2303
998,298,20,2,2934
999,76,8,3,894
1000,700,58,9,2579
1001,333,46,7,1623
1002,900,31,1,4956
1003,999,93,3,2294
1004,758,9,2,2628
1005,642,15,1,534
1006,474,94,9,2138
1007,827,26,8,1806
1008,923,10,5,168
1009,283,29,2,2004
1010,591,80,1,4059
1011,72,36,7,3051
1012,263,84,2,4749
1013,703,37,1,2813
1014,879,86,2,3469
1015,887,71,7,4695
1016,942,23,7,3827
1017,575,41,6,2504
1018,1000,93,5,3425
1019,892,80,3,3646
1020,12,28,3,2403
1021,141,48,9,3781
1022,766,38,4,3321
1023,555,31,9,4474
1024,17,14,4,1182
1025,63,97,2,545
1026,253,73,4,4950
1027,465,91,6,1692
1028,376,88,6,2875
1029,804,77,5,3916
1030,981,90,1,3153
1031,520,29,3,1690
1032,837,51,5,2331
1033,90,49,6,1661
1034,720,43,1,4372
1035,804,92,9,3746
1036,796,92,3,3338
1037,630,72,3,1700
1038,861,87,2,2156
1039,175,93,8,4431
1040,76,5,3,809
1041,613,42,6,3071
1042,926,7,2,2832
1043,663,42,7,893
1044,400,36,4,3199
1045,782,27,9,2955
1046,970,58,9,126
1047,71,46,7,3367
1048,180,66,8,184
1049,124,25,3,3201
1050,381,73,5,1222
1051,293,27,2,111
1052,797,1,7,1848
1053,195,87,8,3209
1054,911,74,9,1976
1055,228,42,7,2719
1056,431,52,8,279
1057,942,25,9,896
1058,436,54,6,3913
1059,787,67,2,2124
1060,461,6,2,3317
1061,618,58,4,986
1062,21,70,9,2568
1063,64,53,7,3487
1064,165,66,2,1619
1065,27,58,8,2532
1066,311,82,7,4966
1067,285,87,9,1016
1068,660,2,8,2170
1069,281,76,3,4076
1070,838,22,1,1881
1071,831,37,2,438
1072,164,20,2,1616
1073,898,24,4,2970
1074,918,84,6,3682
1075,224,65,4,1014
1076,784,65,9,3390
1077,146,81,4,4670
1078,965,1,6,1546
1079,950,94,6,1479
1080,868,3,1,1583
1081,30,46,8,2174
1082,45,55,3,900
1083,787,75,6,1346
1084,471,88,3,2837
1085,34,86,2,3595
1086,653,64,5,4934
1087,427,45,1,3357
1088,830,26,9,3977
1089,886,77,7,1081
1090,221,65,3,2576
1091,868,24,4,2188
1092,534,74,6,3052
1093,692,35,3,1111
1094,948,24,7,3564
1095,367,28,6,2850
1096,932,100,9,2226
1097,841,80,5,4912
1098,743,16,4,3961
1099,915,59,3,2691
1100,550,81,1,1573
1101,582,54,3,2621
1102,116,79,3,1265
1103,239,16,7,3422
1104,335,15,7,709
1105,441,98,1,2283
1106,148,11,3,2631
1107,9,65,8,2961
1108,288,79,9,4750
1109,388,90,7,1755
1110,50,68,7,1855
1111,850,43,8,145
1112,517,69,6,1359
1113,916,99,3,4738
1114,855,13,1,3332
1115,638,10,7,1551
1116,587,75,1,2218
1117,677,82,1,2667
1118,278,98,9,2092
1119,954,41,7,3223
1120,836,50,4,2440
1121,989,87,6,1588
1122,300,71,1,1673
1123,802,59,7,2527
1124,589,39,6,1866
1125,810,3,4,3649
1126,649,76,7,2409
1127,618,7,3,4775
1128,607,49,1,2504
1129,135,26,4,1542
1130,580,33,3,4893
1131,147,48,1,2076
1132,490,79,2,4073
1133,478,2,5,2590
1134,159,71,8,825
1135,384,32,1,3903
1136,163,4,4,4481
1137,441,20,4,3927
1138,853,36,5,4765
1139,189,32,7,3719
1140,415,28,8,2987
1141,339,77,6,597
1142,607,1,1,4076
1143,181,60,7,804
1144,288,56,3,4757
1145,834,35,6,4227
1146,187,30,8,3781
1147,884,54,7,4238
1148,138,36,6,2016
1149,130,55,9,1474
1150,194,89,9,1945
1151,316,80,1,4754
1152,984,58,1,1536
1153,785,83,1,3190
1154,864,65,8,1470
1155,144,69,7,2028
1156,16,51,3,1736
1157,302,22,2,191
1158,423,88,4,1943
1159,245,53,3,284
1160,927,100,7,4923
1161,107,36,8,1671
1162,88,68,6,931
1163,129,36,3,4540
1164,907,52,6,2225
1165,887,53,2,4362
1166,341,82,7,363
1167,4,50,7,1386
1168,327,80,4,1629
1169,410,41,8,1908
1170,879,18,4,1977
1171,306,22,7,1849
1172,908,66,4,2009
1173,607,21,5,2723
1174,721,100,7,1297
1175,225,44,3,2578
1176,971,47,5,4963
1177,348,39,3,2610
1178,992,29,5,200
1179,321,54,3,3187
1180,559,90,7,2019
1181,988,85,1,2391
1182,181,17,9,3420
1183,618,80,9,204
1184,711,60,5,793
1185,386,31,9,3340
1186,618,73,6,3591
1187,792,95,5,3492
1188,772,78,3,2368
1189,108,49,8,3883
1190,531,2,4,3612
1191,410,48,3,989
1192,971,14,6,889
1193,296,59,8,4748
1194,818,97,9,758
1195,171,99,6,1118
1196,331,58,5,2053
1197,493,58,2,1290
1198,195,51,2,3806
1199,12,84,9,3757
1200,195,2,2,4946
1201,490,41,2,2396
1202,795,83,3,874
1203,881,82,3,2911
1204,182,16,4,1480
1205,962,4,7,3282
1206,817,12,9,4887
1207,656,29,2,4914
1208,898,7,4,4429
1209,316,14,9,3197
1210,694,12,2,1504
1211,30,99,1,3901
1212,596,5,8,1469
1213,678,81,9,2164
1214,796,32,7,2392
1215,793,74,8,2865
1216,96,43,4,2917
1217,381,81,4,816
1218,778,69,2,4140
1219,444,45,8,1811
1220,298,9,2,1325
1221,808,49,9,108
1222,737,33,4,697
1223,845,100,1,4218
1224,361,100,4,1708
1225,374,18,3,3131
1226,554,9,6,3767
1227,303,62,7,2346
1228,421,57,8,3726
1229,246,29,2,4171
1230,720,78,6,2922
1231,237,25,6,191
1232,534,15,5,950
1233,185,6,7,1207
1234,468,42,3,399
1235,754,29,4,2443
1236,363,79,9,1577
1237,283,93,4,1182
1238,553,4,3,3056
1239,336,82,2,3018
1240,162,57,5,1465
1241,160,49,4,2900
1242,474,44,8,3636
1243,601,80,7,4051
1244,322,75,6,2209
1245,12,14,2,875
1246,424,3,3,1552
1247,73,62,9,1781
1248,588,64,9,2403
1249,858,45,5,1951
1250,201,82,3,1997
1251,522,58,2,3518
1252,864,20,8,3697
1253,505,58,6,1427
1254,738,89,7,714
1255,688,57,1,344
1256,788,77,1,856
1257,39,68,2,923
1258,60,78,3,2927
1259,578,97,1,3907
1260,321,92,5,2879
1261,435,52,3,1946
1262,636,37,1,1340
1263,676,8,8,4711
1264,408,44,6,573
1265,923,98,9,4231
1266,386,5,3,3349
1267,671,69,9,1892
1268,569,31,9,1834
1269,78,45,1,4042
1270,194,9,3,1044
1271,285,32,6,1611
1272,527,33,8,4181
1273,524,67,4,4626
1274,613,30,5,958
1275,156,76,9,3660
1276,340,29,6,329
1277,125,3,7,2517
1278,871,90,7,277
1279,280,57,4,4028
1280,917,30,4,2715
1281,906,9,4,1713
1282,622,26,5,2940
1283,846,2,5,3047
1284,869,62,8,1874
1285,658,3,9,3971
1286,728,46,2,181
1287,910,68,7,945
1288,674,25,1,2909
1289,128,51,1,1316
1290,314,13,4,4813
1291,332,44,7,3360
1292,150,35,2,3245
1293,454,55,2,2363
1294,36,87,1,2437
1295,685,9,2,544
1296,420,2,7,1022
1297,22,61,9,4388
1298,206,41,6,4484
1299,639,44,2,2730
1300,848,64,9,1267
1301,957,31,7,4063
1302,356,47,1,3541
1303,440,2,9,3612
1304,729,96,2,995
1305,96,82,4,3822
1306,929,77,9,2160
1307,941,69,4,3134
1308,164,58,3,2487
1309,148,44,1,1997
1310,530,74,7,1899
1311,294,56,6,4507
1312,195,43,4,2880
1313,663,89,6,1227
1314,480,34,6,438
1315,877,30,4,4554
1316,123,71,6,1272
1317,400,70,8,2908
1318,699,55,3,4963
1319,965,67,4,3129
1320,452,13,1,2189
1321,661,3,4,4397
1322,104,26,9,3117
1323,755,57,8,4659
1324,462,24,4,548
1325,743,53,7,4993
1326,991,70,3,893
1327,718,43,9,536
1328,710,60,4,4726
1329,396,58,2,4760
1330,912,49,5,1720
1331,337,42,2,3601
1332,599,76,6,3019
1333,142,100,1,4408
1334,317,66,6,1048
1335,711,11,4,4044
1336,558,98,3,1227
1337,800,90,2,291
1338,527,18,7,4112
1339,556,85,9,3860
1340,401,100,3,3830
1341,681,52,6,1503
1342,310,46,9,2090
1343,495,44,2,1204
1344,556,22,7,4900
1345,610,53,5,648
1346,773,59,5,3548
1347,109,94,7,1961
1348,795,30,9,4349
1349,372,8,4,670
1350,855,98,9,1884
1351,616,57,9,2387
1352,768,73,4,2521
1353,891,20,3,4072
1354,206,25,2,904
1355,847,19,9,898
1356,43,5,2,3375
1357,865,75,6,710
1358,245,79,5,1906
1359,287,72,5,4338
1360,355,83,4,3360
1361,785,87,6,4467
1362,476,27,5,3471
1363,83,40,4,2573
1364,110,96,9,2193
1365,950,26,6,2242
1366,190,27,3,4101
1367,983,62,6,3180
1368,800,83,1,4654
1369,936,50,5,1532
1370,909,42,6,2617
1371,251,29,8,2957
1372,724,39,9,605
1373,291,60,3,1196
1374,645,41,2,4279
1375,201,33,4,4254
1376,797,83,8,1144
1377,326,83,8,2304
1378,511,97,3,4002
1379,409,16,4,1452
1380,607,23,3,1696
1381,790,7,2,675
1382,962,26,4,779
1383,941,96,6,4398
1384,837,12,5,3812
1385,508,72,3,3928
1386,731,5,2,1229
1387,601,92,9,4004
1388,72,69,1,3293
1389,247,49,9,417
1390,641,26,1,3796
1391,724,5,7,4601
1392,940,22,6,3096
1393,855,79,7,3694
1394,608,13,3,3309
1395,587,28,3,2642
1396,935,33,1,778
1397,566,23,4,1989
1398,344,97,2,1743
1399,971,18,8,934
1400,925,30,3,2341
1401,54,26,7,2455
1402,730,16,7,1768
1403,528,77,9,2653
1404,611,39,6,380
1405,532,33,1,2862
1406,558,26,8,4803
1407,963,48,1,4678
1408,193,65,3,1346
1409,895,38,5,1872
1410,58,2,8,2264
1411,437,6,9,291
1412,111,46,7,2935
1413,129,50,9,2765
1414,849,38,3,2663
1415,706,88,5,406
1416,925,18,8,631
1417,852,27,1,4317
1418,326,41,8,2796
1419,8,72,7,4787
1420,29,92,1,158
1421,112,74,6,1673
1422,947,17,1,1240
1423,673,62,2,1910
1424,131,29,5,3298
1425,188,58,2,3576
1426,675,70,1,4594
1427,709,78,6,2662
1428,475,22,8,2952
1429,364,6,8,1041
1430,204,26,8,4723
1431,212,39,6,1874
1432,621,12,3,1521
1433,276,99,1,535
1434,73,14,2,939
1435,679,22,5,4101
1436,772,51,5,4555
1437,243,23,1,2781
1438,787,48,1,1750
1439,102,71,9,1345
1440,987,50,2,2361
1441,685,89,7,1015
1442,171,13,4,2739
1443,653,85,7,3989
1444,909,10,8,4581
1445,188,55,5,1426
1446,441,9,1,3458
1447,86,79,4,1685
1448,476,52,3,3468
1449,52,2,5,488
1450,111,25,6,2891
1451,949,13,2,3432
1452,877,98,7,803
1453,854,51,3,2920
1454,43,58,1,1159
1455,211,34,3,4274
1456,968,35,9,1398
1457,200,3,6,1401
1458,810,59,6,773
1459,858,70,4,2459
1460,752,48,8,4399
1461,627,64,5,4212
1462,26,19,7,4671
1463,919,67,9,3682
1464,299,82,5,1116
1465,77,73,5,309
1466,924,76,4,598
1467,137,5,6,528
1468,20,67,2,3739
1469,440,11,3,3251
1470,211,94,1,2205
1471,752,68,2,1653
1472,551,69,2,3306
1473,435,1,8,2669
1474,780,91,8,2728
1475,207,92,2,1976
1476,991,63,6,1167
1477,439,29,5,1606
1478,974,82,3,3113
1479,779,12,5,1767
1480,666,77,5,4688
1481,42,41,5,4800
1482,411,2,3,4166
1483,523,37,3,1047
1484,806,45,4,4489
1485,610,80,7,1271
1486,427,48,2,271
1487,275,24,4,4726
1488,448,99,4,1243
1489,902,22,1,1959
1490,942,100,8,2288
1491,884,11,1,2593
1492,742,58,8,3677
1493,369,46,7,288
1494,938,29,9,4176
1495,220,35,8,257
1496,577,15,5,2817
1497,867,60,8,2070
1498,232,95,3,345
1499,328,42,7,3003
1500,443,43,4,2895
1501,52,80,5,3924
1502,886,74,9,2477
1503,943,49,7,949
1504,376,64,4,1910
1505,263,32,6,4086
1506,267,64,7,2226
1507,359,2,9,4364
1508,317,24,4,3130
1509,324,87,3,2407
1510,921,66,8,3176
1511,908,38,1,2444
1512,666,31,9,719
1513,870,26,1,3002
1514,878,29,2,2507
1515,652,67,8,4552
1516,939,78,9,3104
1517,563,25,7,4014
1518,629,48,3,2586
1519,421,65,7,3502
1520,46,53,6,3696
1521,821,67,2,1777
1522,600,90,3,4139
1523,720,18,5,1404
1524,889,9,4,4193
1525,269,38,2,2063
1526,601,87,4,3407
1527,381,21,8,1461
1528,118,65,5,4394
1529,566,21,5,1887
1530,953,27,3,1173
1531,116,70,8,1265
1532,630,44,6,3699
1533,260,100,2,2817
1534,75,28,2,3253
1535,480,45,9,4226
1536,305,17,7,3155
1537,7,40,9,759
1538,366,3,6,4742
1539,634,76,5,2682
1540,523,76,1,1229
1541,348,66,6,2374
1542,438,46,6,4566
1543,215,86,3,1568
1544,429,87,3,2202
1545,791,30,3,3366
1546,498,69,3,2571
1547,540,9,7,1251
1548,747,85,2,192
1549,367,11,2,2666
1550,313,69,3,1381
1551,538,99,7,3000
1552,921,91,3,2899
1553,54,66,7,3277
1554,541,88,9,4611
1555,467,31,4,2704
1556,865,33,7,3981
1557,164,39,9,2513
1558,782,94,8,1644
1559,334,46,8,3630
1560,547,37,9,2746
1561,798,92,5,4884
1562,348,60,5,2158
1563,273,31,3,4614
1564,963,11,5,1245
1565,720,87,8,1010
1566,750,2,5,3406
1567,414,27,4,1666
1568,500,99,8,2495
1569,93,2,7,3105
1570,685,21,6,4607
1571,79,58,5,4348
1572,622,5,5,191
1573,217,52,2,4092
1574,947,45,4,430
1575,358,85,8,1054
1576,618,93,8,3880
1577,507,20,1,2701
1578,559,61,2,3077
1579,181,38,5,4389
1580,576,20,9,629
1581,246,25,7,2992
1582,244,2,5,1366
1583,506,32,1,1573
1584,422,26,6,4834
1585,320,70,8,1697
1586,87,41,7,2625
1587,217,67,2,4893
1588,490,97,5,3861
1589,519,1,4,2842
1590,278,51,9,4735
1591,849,5,1,4525
1592,722,13,6,569
1593,169,19,3,3930
1594,330,12,9,633
1595,650,48,5,4662
1596,441,25,6,4155
1597,391,57,9,3779
1598,496,35,9,4187
1599,381,76,8,861
1600,306,94,9,990
1601,742,5,4,2455
1602,987,98,6,2055
1603,820,22,5,3071
1604,673,77,5,1772
1605,513,57,4,2936
1606,748,47,2,3744
1607,949,54,6,2397
1608,188,3,9,4161
1609,930,53,1,3266
1610,516,84,7,1419
1611,913,31,6,283
1612,644,69,3,1383
1613,427,88,1,2946
1614,502,33,4,2333
1615,730,72,9,4188
1616,260,88,2,1532
1617,513,50,3,3240
1618,71,84,2,1896
1619,478,16,2,4822
1620,178,76,8,2155
1621,457,77,3,3436
1622,189,39,7,882
1623,291,89,8,1607
1624,520,46,3,4970
1625,765,96,2,3954
1626,920,88,8,776
1627,979,47,3,1930
1628,292,44,7,4190
1629,946,9,1,4406
1630,756,87,6,1460
1631,635,50,9,4685
1632,811,77,3,2786
1633,283,60,7,290
1634,544,96,6,942
1635,846,15,8,434
1636,377,36,3,1210
1637,658,63,3,678
1638,156,69,4,161
1639,508,86,3,486
1640,413,80,9,1269
1641,528,41,4,2300
1642,355,74,6,4814
1643,559,24,8,1783
1644,763,82,8,586
1645,187,49,5,3832
1646,31,18,5,640
1647,260,7,6,2160
1648,421,4,7,4346
1649,529,90,7,1338
1650,551,69,4,1090
1651,304,60,6,4567
1652,942,55,7,2399
1653,986,16,5,4007
1654,944,99,5,4388
1655,39,90,2,1180
1656,489,82,7,297
1657,644,29,6,2294
1658,542,23,1,1698
1659,670,14,4,1700
1660,278,79,3,3792
1661,203,49,3,3965
1662,66,33,7,783
1663,108,25,4,3183
1664,268,21,8,4089
1665,222,17,9,432
1666,804,23,3,1871
1667,530,57,5,4300
1668,90,81,4,2821
1669,693,58,6,906
1670,255,14,4,1164
1671,455,93,8,988
1672,253,20,3,3023
1673,257,30,5,420
1674,383,19,1,4057
1675,442,53,6,2482
1676,858,56,5,3331
1677,599,77,8,2411
1678,90,82,9,3701
1679,749,23,8,1600
1680,390,62,8,1668
1681,582,33,3,3381
1682,44,18,4,1619
1683,712,73,4,2018
1684,664,33,5,4189
1685,598,32,9,1965
1686,19,61,9,1505
1687,101,54,1,2823
1688,914,17,8,104
1689,607,19,1,1268
1690,766,91,2,2498
1691,357,70,7,2730
1692,542,99,8,447
1693,761,34,1,4320
1694,938,84,3,1913
1695,33,25,7,3442
1696,970,68,9,2674
1697,229,74,8,3925
1698,524,74,8,4693
1699,630,88,9,152
1700,862,85,3,248
1701,155,11,8,602
1702,423,91,1,969
1703,905,16,8,3621
1704,246,90,7,4414
1705,405,61,8,3971
1706,844,94,1,1400
1707,759,80,6,2599
1708,541,7,7,4133
1709,161,16,5,3389
1710,747,99,5,4933
1711,702,16,7,3953
1712,117,40,3,2551
1713,271,12,6,4485
1714,770,35,7,438
1715,692,21,1,2924
1716,487,50,2,1793
1717,885,43,4,1086
1718,172,100,8,3590
1719,950,17,6,2833
1720,274,32,1,3867
1721,259,41,5,4176
1722,135,6,7,2106
1723,683,88,6,3207
1724,722,27,9,4568
1725,748,20,8,3430
1726,422,25,4,3141
1727,421,66,5,630
1728,186,9,7,1023
1729,929,92,8,4218
1730,364,53,5,340
1731,955,61,9,1996
1732,607,38,4,3424
1733,378,3,4,913
1734,523,84,8,4850
1735,580,70,1,882
1736,891,97,8,4155
1737,722,55,5,107
1738,196,1,1,3873
1739,881,70,4,4770
1740,98,45,2,3239
1741,605,98,4,3889
1742,984,47,8,4151
1743,22,79,5,617
1744,450,26,1,3290
1745,172,14,7,3202
1746,383,54,1,4678
1747,134,71,9,2816
1748,426,46,3,678
1749,25,31,3,4582
1750,503,88,6,4607
1751,185,59,6,1965
1752,85,95,6,1476
1753,567,29,1,3038
1754,763,96,5,1005
1755,144,17,6,1064
1756,863,14,8,2076
1757,910,36,1,4859
1758,679,58,5,1987
1759,412,24,3,2547
1760,224,63,2,1091
1761,220,91,8,3656
1762,179,25,7,4059
1763,631,59,7,3704
1764,433,32,5,1183
1765,265,82,9,534
1766,954,18,5,120
1767,429,37,2,3022
1768,662,26,3,2025
1769,416,9,4,1572
1770,453,99,5,1199
1771,727,64,3,2737
1772,197,72,7,489
1773,554,20,5,3513
1774,53,54,5,2715
1775,480,86,6,1454
1776,443,83,7,4621
1777,330,30,8,105
1778,251,53,9,290
1779,807,92,4,247
1780,890,99,5,4600
1781,783,63,5,4453
1782,967,11,8,3650
1783,925,31,9,4205
1784,123,49,7,1210
1785,879,100,5,3933
1786,387,94,3,724
1787,339,87,1,4225
1788,778,19,9,2275
1789,348,12,5,3249
1790,29,15,9,1178
1791,975,31,4,3651
1792,35,43,5,2452
1793,518,37,4,645
1794,396,79,2,1295
1795,623,29,1,2169
1796,294,26,8,3458
1797,589,2,4,2538
1798,349,84,5,716
1799,147,15,6,4344
1800,67,4,8,3443
1801,904,86,8,1911
1802,520,50,7,271
1803,122,38,4,4242
1804,340,23,6,725
1805,175,59,4,4163
1806,900,90,7,2354
1807,691,75,1,552
1808,597,28,5,1518
1809,451,66,4,853
1810,557,8,7,3472
1811,136,29,9,2823
1812,855,11,5,3110
1813,16,18,4,3011
1814,333,55,9,1325
1815,195,50,5,267
1816,496,14,9,3785
1817,9,74,8,185
1818,828,99,4,1777
1819,334,9,7,2082
1820,333,99,5,1586
1821,327,11,4,541
1822,15,63,5,370
1823,839,76,5,443
1824,614,67,9,1306
1825,226,53,9,3181
1826,425,39,6,1357
1827,790,78,4,2391
1828,408,56,2,1632
1829,113,28,3,3522
1830,997,75,2,4462
1831,428,39,5,1753
1832,1,25,6,338
1833,266,21,5,1014
1834,491,10,2,1538
1835,208,43,5,3116
1836,622,15,9,1560
1837,712,83,4,3179
1838,952,48,2,2358
1839,369,86,3,466
1840,985,21,3,3091
1841,306,60,9,3841
1842,12,96,4,185
1843,345,50,1,2593
1844,465,23,1,4815
1845,700,13,7,231
1846,666,69,7,1003
1847,494,4,2,3556
1848,368,92,9,1321
1849,846,78,9,1863
1850,937,72,5,2904
1851,420,9,3,1326
1852,889,35,3,1384
1853,791,21,3,789
1854,171,58,6,4882
1855,134,18,4,4981
1856,965,97,8,4535
1857,427,72,5,4607
1858,25,81,1,2096
1859,530,43,9,4481
1860,190,95,1,1209
1861,141,98,6,529
1862,555,6,1,4226
1863,846,86,3,3881
1864,796,78,5,702
1865,658,67,7,539
1866,315,12,8,1084
1867,444,100,9,2018
1868,319,12,6,4607
1869,441,66,9,627
1870,92,2,8,4505
1871,179,15,9,3096
1872,56,23,4,3567
1873,155,29,9,1461
1874,672,81,7,803
1875,111,96,5,762
1876,137,7,5,464
1877,232,94,1,1022
1878,992,28,2,3956
1879,468,14,3,275
1880,732,44,8,1035
1881,481,30,6,481
1882,68,81,5,405
1883,814,32,1,4797
1884,249,70,9,2490
1885,994,88,3,2303
1886,323,6,3,4907
1887,922,27,2,1565
1888,904,82,4,3371
1889,518,88,2,502
1890,976,24,9,4809
1891,792,34,7,2770
1892,432,40,8,1901
1893,487,47,3,2750
1894,606,79,6,276
1895,429,75,6,4644
1896,269,86,1,842
1897,709,24,6,2448
1898,537,65,3,4502
1899,148,18,3,850
1900,118,44,3,968
1901,850,76,8,4162
1902,367,57,5,4067
1903,850,28,4,313
1904,66,71,9,1717
1905,970,23,9,2630
1906,813,85,1,3433
1907,370,34,2,1697
1908,175,11,8,611
1909,831,86,5,352
1910,588,35,7,4233
1911,495,93,1,728
1912,973,42,5,3576
1913,114,28,3,1086
1914,111,82,2,1825
1915,761,78,2,2193
1916,439,82,9,1801
1917,715,92,4,404
1918,147,24,4,4178
1919,35,8,7,2380
1920,999,53,2,4440
1921,309,72,3,2907
1922,538,4,3,2986
1923,750,91,6,3554
1924,14,100,3,1124
1925,374,5,5,4412
1926,557,97,4,3075
1927,428,49,3,606
1928,728,98,8,4956
1929,233,30,3,3051
1930,705,72,6,1153
1931,563,63,7,2774
1932,939,47,7,2667
1933,887,26,2,2004
1934,726,57,3,4470
1935,663,37,4,4687
1936,440,98,7,2994
1937,502,7,2,1200
1938,275,40,3,3761
1939,850,92,7,1736
1940,76,39,7,1555
1941,439,62,3,3713
1942,732,92,1,138
1943,860,78,3,3184
1944,956,53,5,4339
1945,699,4,7,2831
1946,289,82,4,2515
1947,915,25,1,858
1948,540,7,6,4442
1949,891,28,2,3216
1950,692,69,3,864
1951,253,67,4,2522
1952,126,95,6,1414
1953,177,20,6,4402
1954,37,83,7,4095
1955,410,11,5,4129
1956,611,67,7,3793
1957,610,87,2,3285
1958,127,7,1,2966
1959,483,23,8,1417
1960,168,61,1,800
1961,592,71,2,4483
1962,294,34,6,2301
1963,845,19,1,1693
1964,638,58,3,4087
1965,343,9,7,4245
1966,310,48,8,1330
1967,662,82,4,2712
1968,528,41,3,3237
1969,540,48,1,2008
1970,419,45,9,1890
1971,444,25,6,3028
1972,685,78,6,1188
1973,558,25,9,2481
1974,840,19,1,4227
1975,236,39,6,3045
1976,439,79,5,3669
1977,214,80,6,1265
1978,85,27,8,700
1979,794,74,5,2125
1980,744,63,2,1684
1981,85,68,2,1087
1982,921,19,5,2065
1983,489,28,3,1539
1984,65,85,3,4715
1985,646,78,8,968
1986,663,33,7,2163
1987,627,10,1,1229
1988,64,83,5,4478
1989,343,30,9,4556
1990,939,22,4,3829
1991,875,3,1,2034
1992,919,82,8,1176
1993,352,75,5,1739
1994,158,48,2,1492
1995,589,2,1,130
1996,491,76,3,803
1997,658,54,9,968
1998,855,6,1,332
1999,463,40,4,1050
2000,225,93,8,158
2001,917,94,8,2918
2002,313,2,8,3700
2003,615,73,8,3249
2004,919,2,4,401
2005,859,93,8,2950
2006,813,97,9,3044
2007,940,74,7,2023
2008,466,98,2,416
2009,88,55,9,1988
2010,883,72,8,2815
2011,303,60,5,4885
2012,680,97,3,1981
2013,435,6,7,3998
2014,682,19,2,4213
2015,135,96,3,1278
2016,50,27,9,3955
2017,432,1,4,4973
2018,340,33,4,4555
2019,347,40,3,431
2020,646,32,5,627
2021,347,69,3,2159
2022,649,17,9,1198
2023,245,8,3,311
2024,109,57,2,1814
2025,825,42,5,2788
2026,799,98,6,2430
2027,533,9,1,3366
2028,90,87,6,1132
2029,296,35,3,1432
2030,112,71,4,1940
2031,813,79,6,4786
2032,589,53,8,2238
2033,177,54,9,4651
2034,343,84,6,4191
2035,660,25,7,543
2036,101,67,5,4274
2037,758,62,9,1598
2038,629,55,4,1026
2039,604,46,6,722
2040,401,24,5,1579
2041,28,98,1,3137
2042,937,46,5,3485
2043,962,22,5,3418
2044,537,11,9,333
2045,58,48,1,1717
2046,498,8,5,2791
2047,297,39,7,2130
2048,134,35,6,486
2049,331,49,6,1734
2050,249,46,7,4233
2051,550,38,6,1284
2052,902,8,5,2067
2053,941,54,5,340
2054,75,37,9,661
2055,654,91,8,2099
2056,834,92,4,2029
2057,168,40,4,2879
2058,771,34,5,1775
2059,503,96,3,2615
2060,885,79,8,1777
2061,355,17,7,4241
2062,225,33,5,3846
2063,664,47,3,3456
2064,531,52,5,1751
2065,146,80,3,4277
2066,960,93,5,3941
2067,241,9,1,2541
2068,884,33,6,4985
2069,893,60,4,694
2070,344,93,4,2712
2071,749,77,8,4196
2072,35,21,2,1596
2073,702,58,4,3655
2074,1,85,2,4961
2075,996,69,1,4866
2076,153,10,3,3458
2077,429,6,8,1701
2078,945,13,6,1014
2079,508,65,7,1944
2080,126,20,2,2095
2081,491,57,6,194
2082,482,46,8,592
2083,345,8,8,3169
2084,912,10,4,249
2085,738,73,6,1146
2086,221,67,5,2903
2087,915,11,9,498
2088,919,12,8,4576
2089,723,10,2,651
2090,25,25,7,394
2091,528,49,7,1243
2092,182,49,1,555
2093,499,89,1,1653
2094,841,11,4,268
2095,641,62,5,4905
2096,42,36,4,2046
2097,915,39,7,353
2098,481,53,3,2476
2099,930,90,7,1420
2100,848,78,8,2983
2101,748,56,6,3707
2102,872,1,6,2225
2103,439,56,8,3596
2104,402,4,8,2340
2105,546,30,7,500
2106,345,12,6,2256
2107,893,35,6,2476
2108,45,77,6,462
2109,646,52,8,4038
2110,21,31,1,3951
2111,634,87,5,3512
2112,70,68,3,2406
2113,864,52,8,184
2114,873,80,6,1924
2115,48,7,2,3985
2116,491,22,7,407
2117,551,93,7,4457
2118,287,75,5,2021
2119,10,56,8,730
2120,542,97,5,4875
2121,756,58,1,2471
2122,274,93,9,3400
2123,956,64,4,3767
2124,600,12,2,826
2125,756,7,4,1748
2126,381,55,9,4412
2127,329,62,2,1369
2128,479,90,4,4643
2129,15,73,2,418
2130,516,98,5,3575
2131,191,77,3,2878
2132,168,55,2,3158
2133,521,36,9,4234
2134,621,89,5,1702
2135,137,24,5,2356
2136,154,44,1,929
2137,388,17,6,955
2138,209,2,7,2748
2139,272,13,1,1958
2140,143,31,9,1202
2141,611,93,8,2581
2142,889,28,8,1920
2143,820,60,7,2179
2144,69,27,5,3258
2145,247,15,3,2540
2146,261,95,9,3784
2147,788,79,7,1355
2148,79,33,8,3057
2149,658,20,6,3751
2150,623,42,5,2339
2151,770,12,8,2039
2152,605,73,3,369
2153,525,23,7,4930
2154,772,72,2,4164
2155,938,96,3,3875
2156,621,14,2,1212
2157,330,91,5,748
2158,189,25,7,1279
2159,95,77,1,2242
2160,617,85,9,116
2161,8,31,1,216
2162,67,54,1,1645
2163,496,5,8,3251
2164,191,13,6,2793
2165,366,28,6,4189
2166,768,43,9,1376
2167,521,89,4,3340
2168,990,99,8,3888
2169,117,47,4,471
2170,267,71,2,2907
2171,611,38,8,255
2172,485,96,7,2761
2173,509,67,4,564
2174,298,62,9,4978
2175,909,39,9,4999
2176,164,37,8,4415
2177,376,86,1,1873
2178,653,8,7,216
2179,268,81,5,2203
2180,549,52,7,1474
2181,74,91,9,3303
2182,508,33,2,4503
2183,73,81,4,3646
2184,308,42,4,4077
2185,199,76,2,4417
2186,130,27,3,1296
2187,758,8,8,3511
2188,824,23,9,896
2189,572,64,6,3992
2190,791,93,2,250
2191,615,20,2,3349
2192,808,16,7,211
2193,832,17,8,782
2194,487,80,8,1261
2195,853,19,6,2479
2196,151,8,8,260
2197,669,38,1,1525
2198,206,38,9,3761
2199,986,53,1,377
2200,179,93,3,3491
2201,197,100,9,1656
2202,735,90,5,4692
2203,89,31,9,2015
2204,799,44,9,4850
2205,434,60,6,3207
2206,788,76,1,402
2207,748,17,7,4633
2208,183,79,6,2873
2209,209,73,9,4381
2210,493,39,7,3345
2211,130,42,4,4868
2212,665,48,7,1100
2213,13,12,2,3934
2214,634,96,6,4106
2215,871,89,6,4878
2216,732,18,2,1818
2217,106,79,4,3930
2218,375,96,8,3281
2219,582,6,8,2982
2220,707,43,8,1098
2221,698,35,8,384
2222,99,98,1,520
2223,594,54,2,2260
2224,587,62,4,3165
2225,886,69,9,2375
2226,852,82,3,1594
2227,192,16,6,3984
2228,325,8,7,4723
2229,979,89,8,2643
2230,726,96,7,4226
2231,827,90,3,4357
2232,956,86,6,1941
2233,467,31,5,4900
2234,894,10,4,821
2235,367,56,1,1501
2236,318,76,7,545
2237,144,92,8,2891
2238,384,70,2,4622
2239,216,20,7,3867
2240,361,5,6,2651
2241,324,23,5,2067
2242,15,9,4,3988
2243,217,58,2,4916
2244,492,59,6,2831
2245,951,93,5,2729
2246,547,80,2,2064
2247,183,54,7,1157
2248,270,46,6,4931
2249,945,22,9,857
2250,467,64,5,1895
2251,870,8,9,1743
2252,612,20,9,4949
2253,519,51,1,123
2254,542,78,5,1339
2255,467,39,9,4250
2256,305,37,7,3197
2257,985,50,6,1404
2258,144,34,6,2642
2259,111,75,7,3812
2260,232,33,1,4055
2261,691,31,4,4629
2262,584,54,1,4403
2263,722,44,6,4328
2264,732,34,4,1405
2265,592,71,1,4564
2266,500,62,9,3274
2267,595,23,4,3728
2268,554,46,6,881
2269,273,56,7,666
2270,703,7,8,4722
2271,173,89,9,4232
2272,973,61,9,4373
2273,7,3,8,738
2274,155,38,3,3800
2275,522,84,2,4267
2276,546,34,5,2499
2277,548,44,1,2770
2278,921,30,3,1272
2279,518,17,1,1820
2280,920,59,3,204
2281,914,10,4,1782
2282,215,99,7,4416
2283,134,84,5,1949
2284,285,18,5,962
2285,126,45,1,3545
2286,921,91,8,2665
2287,439,59,4,398
2288,849,62,5,3008
2289,686,59,2,4237
2290,152,49,1,870
2291,331,100,9,2639
2292,538,63,2,1562
2293,383,87,6,3954
2294,115,32,1,3218
2295,894,10,1,2232
2296,482,11,9,1809
2297,284,70,4,1090
2298,899,62,9,810
2299,75,47,5,4404
2300,166,34,7,138
2301,189,100,1,1375
2302,78,17,6,4957
2303,947,54,8,1536
2304,602,76,1,3093
2305,688,85,9,1569
2306,21,40,3,2199
2307,566,19,1,473
2308,184,67,1,4351
2309,871,82,6,4125
2310,222,53,6,1213
2311,827,64,1,2826
2312,328,83,3,2498
2313,179,47,7,3334
2314,788,6,3,1365
2315,112,16,3,3223
2316,736,72,3,753
2317,726,18,7,4258
2318,59,52,4,608
2319,327,48,4,2439
2320,905,43,3,3262
2321,621,39,9,1787
2322,897,49,2,1488
2323,669,12,4,2297
2324,191,10,8,4011
2325,200,71,6,3028
2326,312,55,7,4899
2327,708,1,7,615
2328,35,49,2,3758
2329,379,36,4,1933
2330,387,21,6,129
2331,758,37,3,3314
2332,237,24,9,425
2333,616,55,4,3866
2334,519,25,2,4211
2335,283,7,6,210
2336,1,81,1,206
2337,731,93,6,2526
2338,464,94,1,4478
2339,230,71,8,4464
2340,967,97,5,2631
2341,172,71,6,3244
2342,87,24,2,4793
2343,553,11,2,898
2344,123,73,9,2537
2345,843,12,3,2111
2346,298,35,6,525
2347,885,63,5,3144
2348,929,68,4,3388
2349,690,100,2,3014
2350,575,92,8,1339
2351,484,57,7,3491
2352,165,13,2,4313
2353,699,23,6,4097
2354,383,83,8,3106
2355,209,39,7,3139
2356,739,88,1,698
2357,432,80,5,2187
2358,389,97,2,1284
2359,560,12,6,2850
2360,224,34,7,2684
2361,3,71,7,4859
2362,372,75,3,3613
2363,687,31,7,4845
2364,446,93,5,4154
2365,611,62,8,4483
2366,116,13,8,4036
2367,270,31,7,1799
2368,447,2,6,4607
2369,368,15,2,2675
2370,253,57,6,235
2371,317,75,9,2125
2372,415,34,2,3635
2373,95,68,1,4954
2374,785,75,5,2990
2375,892,29,6,2857
2376,24,66,3,3873
2377,628,16,8,480
2378,663,39,7,1628
2379,850,77,2,4671
2380,50,37,7,3728
2381,502,81,1,948
2382,718,21,9,4227
2383,498,44,7,2027
2384,335,19,6,2265
2385,79,71,2,4386
2386,582,8,3,2221
2387,27,77,1,4818
2388,271,66,5,3018
2389,562,41,9,4781
2390,804,75,6,572
2391,247,88,5,1887
2392,776,70,3,213
2393,591,61,5,1436
2394,387,26,8,438
2395,702,71,2,2385
2396,559,83,5,1296
2397,973,70,6,178
2398,361,29,8,4659
2399,866,66,8,2752
2400,984,19,5,4757
2401,488,68,9,4480
2402,352,58,4,4418
2403,701,70,9,2740
2404,928,57,7,1356
2405,256,37,6,927
2406,222,61,4,2818
2407,884,92,2,2910
2408,753,30,8,3485
2409,781,71,6,2065
2410,1,73,3,2527
2411,546,25,7,2941
2412,446,97,7,713
2413,79,65,6,662
2414,236,6,2,4926
2415,334,18,8,4452
2416,889,10,1,284
2417,349,92,1,2292
2418,98,11,6,4165
2419,82,97,5,345
2420,502,65,9,4186
2421,967,77,7,2334
2422,477,84,2,965
2423,927,65,7,2187
2424,704,52,3,700
2425,765,67,1,3133
2426,921,82,8,2156
2427,550,78,3,2231
2428,14,31,8,632
2429,392,91,7,2142
2430,347,17,2,457
2431,310,55,1,477
2432,386,93,7,2319
2433,209,36,1,4588
2434,357,26,6,4897
2435,974,53,8,3407
2436,601,17,7,2696
2437,568,86,4,883
2438,94,25,1,2479
2439,93,2,1,3703
2440,340,86,4,1082
2441,597,5,5,4042
2442,445,4,7,2690
2443,757,36,4,1142
2444,22,6,1,2638
2445,291,21,7,961
2446,485,77,2,1976
2447,784,89,2,1935
2448,306,26,8,4308
2449,634,55,5,3626
2450,128,39,2,1785
2451,625,84,5,3501
2452,939,33,8,1722
2453,273,14,6,2757
2454,848,56,3,2032
2455,442,100,8,607
2456,503,81,9,4661
2457,130,21,5,3578
2458,132,46,2,2756
2459,597,16,2,1221
2460,935,16,7,389
2461,482,84,1,2929
2462,862,29,2,2309
2463,390,92,4,4912
2464,593,8,1,1500
2465,999,88,4,666
2466,985,3,5,1573
2467,325,89,9,2087
2468,69,19,1,3887
2469,660,97,5,3965
2470,448,66,2,3360
2471,528,79,9,3647
2472,819,86,6,3351
2473,617,74,2,1816
2474,165,82,3,1112
2475,488,22,8,1410
2476,713,46,1,4670
2477,709,91,3,717
2478,426,13,1,4836
2479,697,33,8,4357
2480,834,5,1,2082
2481,265,90,5,2328
2482,875,77,4,4920
2483,612,27,7,568
2484,342,78,5,4216
2485,832,24,8,4455
2486,726,67,1,1239
2487,278,63,5,1536
2488,674,94,4,636
2489,439,99,3,1051
2490,157,48,5,2913
2491,422,63,3,3106
2492,251,78,8,4094
2493,878,12,3,1940
2494,609,28,1,950
2495,530,44,9,2071
2496,327,93,9,1291
2497,961,43,6,4020
2498,895,17,1,4728
2499,97,40,8,2162
2500,513,49,2,3146
2501,216,85,9,4499
2502,132,57,8,3658
2503,260,87,3,4611
2504,125,84,5,404
2505,82,64,9,2947
2506,283,75,1,2535
2507,683,57,9,2904
2508,59,98,4,2084
2509,544,74,4,4036
2510,161,74,4,812
2511,284,70,9,2995
2512,106,100,6,1781
2513,105,88,8,1433
2514,439,76,4,3298
2515,228,43,3,274
2516,700,23,1,3305
2517,582,27,7,1516
2518,318,58,4,2087
2519,464,37,8,4953
2520,802,6,3,1872
2521,599,65,1,4366
2522,882,6,5,1174
2523,874,50,2,4860
2524,472,22,3,691
2525,56,88,6,3078
2526,625,25,3,4082
2527,13,79,3,2510
2528,440,90,6,947
2529,18,72,5,593
2530,694,51,9,645
2531,973,88,1,2386
2532,113,48,3,2797
2533,229,70,3,3937
2534,171,99,6,1640
2535,295,65,8,983
2536,189,60,3,4056
2537,426,46,3,3194
2538,977,36,6,2465
2539,79,58,8,3447
2540,658,76,6,3171
2541,919,38,3,3775
2542,182,11,4,4815
2543,499,12,1,1052
2544,798,42,8,3400
2545,762,39,4,3835
2546,866,71,6,3279
2547,826,11,3,3063
2548,708,36,6,4127
2549,835,52,9,3347
2550,71,31,9,4515
2551,248,33,3,3457
2552,146,13,3,4948
2553,618,18,4,2804
2554,775,41,7,1137
2555,296,58,3,170
2556,582,56,8,2974
2557,470,24,8,205
2558,506,73,6,869
2559,193,31,4,2109
2560,68,55,5,3040
2561,494,10,2,2292
2562,817,60,6,3595
2563,52,2,3,4411
2564,882,15,6,4455
2565,363,3,5,1033
2566,797,43,2,674
2567,917,31,5,4030
2568,474,70,5,4480
2569,846,67,9,4187
2570,521,56,8,2631
2571,763,63,7,2519
2572,431,75,3,169
2573,844,15,4,4574
2574,298,92,6,1402
2575,435,10,3,3914
2576,696,38,9,2449
2577,691,47,8,354
2578,198,57,6,1807
2579,128,50,4,4887
2580,532,71,7,933
2581,984,15,3,2864
2582,411,18,8,2571
2583,934,82,1,3842
2584,840,88,3,2135
2585,65,2,5,2067
2586,694,84,5,199
2587,241,98,2,1952
2588,369,43,8,3283
2589,536,26,5,2455
2590,384,71,7,211
2591,431,38,7,3258
2592,967,94,5,282
2593,83,42,8,3952
2594,982,5,9,264
2595,831,11,4,2237
2596,697,65,4,2123
2597,951,34,8,554
2598,828,1,1,2385
2599,611,83,4,4922
2600,574,2,6,641
2601,286,85,4,2765
2602,989,20,6,2549
2603,534,61,5,4033
2604,459,87,9,2986
2605,212,21,9,4714
2606,126,88,4,4392
2607,413,68,4,4004
2608,499,12,8,1788
2609,425,22,4,1737
2610,554,20,2,4828
2611,610,82,2,4770
2612,961,1,1,4182
2613,543,30,5,1990
2614,158,97,6,3305
2615,112,24,9,577
2616,402,14,5,2466
2617,759,36,6,2626
2618,122,69,6,466
2619,273,75,3,1936
2620,294,24,4,1815
2621,398,60,1,112
2622,471,95,4,635
2623,985,55,1,3339
2624,207,77,5,2417
2625,110,80,8,4142
2626,440,24,8,475
2627,278,77,5,1824
2628,963,24,2,356
2629,568,54,6,2364
2630,887,26,1,549
2631,915,66,7,993
2632,569,80,4,3312
2633,940,38,5,1284
2634,482,65,6,3323
2635,803,75,1,1408
2636,114,51,9,4805
2637,893,35,4,1016
2638,897,43,8,247
2639,820,29,5,4851
2640,853,37,8,2214
2641,477,81,1,4116
2642,710,58,8,4040
2643,933,54,4,4171
2644,321,39,2,2895
2645,179,42,6,542
2646,897,28,2,3044
2647,219,29,5,4036
2648,789,43,2,498
2649,949,3,3,1251
2650,528,10,6,3892
2651,492,59,1,3095
2652,891,14,6,2316
2653,61,76,3,1807
2654,54,47,7,3431
2655,680,42,2,2087
2656,538,94,6,4702
2657,848,32,8,2668
2658,988,32,1,260
2659,65,42,9,4535
2660,612,32,5,4004
2661,586,26,5,3673
2662,704,1,5,3277
2663,171,56,6,1925
2664,273,2,2,4024
2665,889,81,6,1723
2666,699,30,4,1276
2667,535,71,8,3820
2668,391,52,9,4980
2669,940,91,9,3320
2670,693,9,8,3359
2671,327,22,3,230
2672,108,34,4,3662
2673,847,49,1,1599
2674,162,1,9,2888
2675,814,73,5,4976
2676,452,84,6,3808
2677,206,53,3,1807
2678,590,83,8,1869
2679,16,100,7,1418
2680,327,40,1,3479
2681,608,45,5,2873
2682,659,68,9,3090
2683,2,9,6,3144
2684,10,22,8,475
2685,434,18,1,3136
2686,125,76,7,760
2687,81,43,3,1503
2688,485,39,9,840
2689,652,73,6,403
2690,838,6,5,1185
2691,150,83,8,4981
2692,800,48,8,3279
2693,873,7,3,1310
2694,340,80,2,3134
2695,129,69,2,328
2696,438,16,5,3219
2697,751,1,7,1954
2698,501,37,8,367
2699,58,83,8,2874
2700,198,37,8,2949
2701,211,81,3,4449
2702,914,64,2,2234
2703,902,90,4,3559
2704,45,86,1,2369
2705,97,62,3,1089
2706,279,72,9,4592
2707,535,61,7,1037
2708,410,33,7,539
2709,461,66,1,2458
2710,391,30,7,2107
2711,847,20,7,3445
2712,44,60,4,4230
2713,27,82,7,4916
2714,794,74,8,3843
2715,97,24,3,618
2716,975,4,2,368
2717,548,37,7,4833
2718,621,4,5,4285
2719,567,77,5,1488
2720,704,89,5,1794
2721,219,77,7,3373
2722,185,18,9,1489
2723,69,88,8,3965
2724,829,66,6,3129
2725,130,48,7,2435
2726,567,33,9,3774
2727,890,58,6,4676
2728,609,83,1,600
2729,848,73,4,1761
2730,599,28,8,2199
2731,806,35,7,202
2732,631,10,3,2846
2733,720,65,3,3376
2734,334,42,3,3185
2735,925,85,1,3637
2736,154,9,1,1427
2737,547,60,6,2574
2738,79,15,1,1779
2739,579,99,5,3846
2740,855,57,4,2662
2741,413,69,5,4263
2742,546,22,7,3417
2743,609,64,6,2536
2744,169,41,9,407
2745,681,87,6,4096
2746,663,71,9,1189
2747,583,56,4,4655
2748,515,23,1,2494
2749,314,25,1,4104
2750,32,91,7,766
2751,287,6,3,4263
2752,594,34,2,2334
2753,43,63,6,1336
2754,903,9,6,1723
2755,617,60,7,1474
2756,1,49,5,3411
2757,573,97,8,276
2758,270,51,7,1453
2759,180,60,2,3028
2760,736,70,1,725
2761,518,37,9,2754
2762,103,31,5,3708
2763,10,98,5,3815
2764,583,41,4,4374
2765,90,62,2,494
2766,226,93,5,1268
2767,670,58,2,297
2768,740,14,7,1068
2769,917,36,9,4008
2770,126,36,9,3255
2771,956,79,6,4864
2772,209,8,1,2604
2773,97,26,6,1376
2774,74,36,5,4267
2775,627,48,4,4418
2776,191,85,6,1369
2777,682,28,6,1464
2778,819,68,6,1023
2779,960,62,2,570
2780,716,80,7,3116
2781,56,86,4,2154
2782,720,76,9,4383
2783,553,80,2,2151
2784,32,51,5,3054
2785,527,42,4,1248
2786,574,29,9,3186
2787,667,82,4,1059
2788,284,10,8,729
2789,721,39,8,874
2790,832,82,6,459
2791,494,1,6,617
2792,187,39,8,1443
2793,498,21,9,2069
2794,442,65,5,3327
2795,130,15,1,2999
2796,639,4,1,1034
2797,292,60,2,2086
2798,114,61,5,476
2799,199,20,4,3660
2800,13,10,1,1874
2801,271,87,4,1605
2802,601,34,4,2754
2803,215,48,4,1110
2804,444,33,1,3577
2805,790,98,9,1330
2806,512,61,3,1277
2807,447,10,4,3957
2808,986,54,5,2195
2809,993,84,7,1772
2810,715,65,6,2028
2811,74,77,5,3939
2812,537,1,8,3278
2813,101,5,1,4368
2814,176,80,7,2653
2815,427,15,6,2545
2816,117,28,5,4489
2817,166,95,7,651
2818,41,23,3,2997
2819,429,17,1,1139
2820,344,98,9,984
2821,424,13,2,3151
2822,366,14,3,4329
2823,120,11,8,4966
2824,609,28,9,3697
2825,657,42,3,2655
2826,728,96,6,1189
2827,229,99,7,4675
2828,825,61,1,558
2829,130,64,7,4821
2830,352,31,4,4354
2831,889,81,5,2107
2832,318,73,8,2020
2833,984,10,4,4627
2834,649,8,4,1103
2835,836,21,8,3183
2836,337,77,5,2214
2837,273,59,6,2689
2838,117,50,5,2243
2839,818,69,1,4410
2840,368,70,7,2341
2841,94,30,6,2186
2842,168,95,2,1038
2843,954,17,7,4401
2844,715,75,6,4070
2845,341,20,5,4099
2846,661,48,8,4750
2847,914,73,5,3508
2848,695,2,2,870
2849,925,37,6,348
2850,152,1,1,472
2851,586,4,5,3026
2852,877,100,6,3957
2853,913,54,7,801
2854,274,25,2,2285
2855,554,3,1,1041
2856,496,9,6,4014
2857,724,86,3,893
2858,101,87,5,777
2859,557,76,2,1661
2860,82,74,1,4153
2861,529,34,1,552
2862,73,43,4,2566
2863,14,74,2,3756
2864,433,94,1,4246
2865,157,22,6,3854
2866,735,70,4,309
2867,132,2,7,2026
2868,338,94,6,4066
2869,404,66,5,1977
2870,376,32,2,726
2871,888,16,5,2826
2872,559,76,9,1558
2873,107,1,9,2924
2874,620,72,2,1350
2875,265,48,7,4858
2876,205,50,4,4463
2877,79,13,3,2263
2878,155,15,1,1723
2879,783,53,3,1953
2880,988,44,9,853
2881,997,8,9,1968
2882,247,74,7,281
2883,531,46,3,1613
2884,858,69,3,1002
2885,948,19,4,3444
2886,538,38,7,3553
2887,729,11,7,3707
2888,154,43,2,2656
2889,154,20,5,2239
2890,686,20,7,4344
2891,92,21,7,2264
2892,433,82,6,2712
2893,338,57,8,2121
2894,480,50,3,2921
2895,693,74,1,2381
2896,131,98,3,1670
2897,450,26,2,2072
2898,993,30,2,4086
2899,810,73,2,2344
2900,787,31,5,2542
2901,273,42,1,813
2902,929,68,4,3645
2903,588,61,5,322
2904,177,61,2,963
2905,696,70,5,4725
2906,831,78,4,1525
2907,643,68,8,2404
2908,875,90,1,753
2909,49,17,5,1259
2910,567,19,1,1942
2911,666,51,4,543
2912,355,70,8,2565
2913,712,63,1,4769
2914,308,93,2,4536
2915,868,75,1,2957
2916,885,80,7,1380
2917,630,30,2,3139
2918,775,25,1,3895
2919,46,75,6,3737
2920,302,71,6,3858
2921,868,26,2,199
2922,912,56,1,2186
2923,408,22,3,2410
2924,189,89,5,4345
2925,822,19,6,2837
2926,830,31,3,1707
2927,129,26,9,3053
2928,561,42,5,4081
2929,537,41,2,3294
2930,266,100,6,4439
2931,118,23,8,4782
2932,464,47,6,3192
2933,144,13,4,3062
2934,442,89,6,2762
2935,200,66,8,955
2936,157,66,8,2246
2937,487,16,2,1486
2938,860,73,8,1816
2939,134,28,6,4251
2940,912,77,2,1825
2941,148,35,1,2053
2942,336,41,6,284
2943,71,77,7,621
2944,233,31,5,2411
2945,334,85,8,1348
2946,811,32,9,1758
2947,666,54,4,1102
2948,90,98,7,3327
2949,334,72,8,3238
2950,199,59,6,2028
2951,161,41,2,493
2952,538,66,7,1717
2953,121,96,9,3741
2954,301,54,5,760
2955,724,40,2,4264
2956,575,28,4,419
2957,963,37,3,2324
2958,436,65,4,683
2959,68,74,7,3700
2960,765,55,8,681
2961,922,4,1,3796
2962,459,99,8,1867
2963,514,10,5,1656
2964,398,47,7,1898
2965,620,75,1,4306
2966,286,14,2,1098
2967,561,38,1,857
2968,140,12,5,382
2969,730,45,6,4996
2970,556,17,9,230
2971,929,80,8,1393
2972,781,35,7,160
2973,590,66,5,2311
2974,728,75,3,1648
2975,894,41,9,4467
2976,610,67,5,1881
2977,748,29,3,137
2978,282,18,3,3731
2979,661,20,3,2764
2980,924,14,6,573
2981,816,34,1,158
2982,996,49,4,2736
2983,936,54,8,2714
2984,578,31,3,2714
2985,746,58,5,4578
2986,457,42,2,1511
2987,87,58,2,184
2988,79,82,7,1633
2989,205,30,3,3897
2990,791,25,5,2774
2991,337,63,3,2973
2992,254,19,6,3220
2993,304,72,3,1190
2994,380,92,8,2934
2995,130,8,2,4324
2996,596,95,3,2176
2997,276,3,8,3290
2998,699,67,8,4887
2999,558,86,1,4328
3000,899,81,8,1308
